timestamp,Avg Draft (Calculated),SOG - STW (calculated),cumulative_fouling_penalty_index (calculated),Vessel Hull Through Water Longitudinal Speed (knots),Day of Year,Vessel External Conditions Wave Period (Provider S),longitudinal_wave_force (calculated),longitudinal_wind_force (calculated)
2024-12-22 11:30:00,-20.18074232513481,-32.21868622147755,668.243319644793,-1328.9880110753834,-1528.118821995864,704.9257118145531,286.4130836917983,-3.7972542144616455
2024-03-09 10:00:00,152.649204767052,29.938354991831602,-272.4241153277195,939.268696346186,1078.789250121237,-302.12047545503765,-212.06829870924787,-111.32794824151244
2024-04-12 18:15:00,-413.4464901995764,52.789748815186954,-141.9522893566791,-298.87613945112645,771.0292693851902,115.64058655753053,-121.8907638536814,-50.28608167321125
2024-08-05 02:15:00,425.34795362209337,-14.629667752990372,-212.61731465948546,124.80189134698911,-269.9236066337923,-419.16282060977375,-127.89172446620005,-43.65846292425318
2024-08-24 05:00:00,420.17340430795485,-109.07673585827249,-34.95915788065949,-620.5888625445244,-441.9071252804058,241.86505304763628,186.93791703219011,136.25065462376915
2024-04-28 22:15:00,-384.98646897182135,15.461135060745164,-68.30822277423853,348.5614127591859,626.2010431564632,390.84963915092345,71.53101883364494,68.51244554195482
2024-04-29 15:00:00,-384.9864689718213,42.56178815510373,-66.04647197883331,-2197.9891675573976,617.1492790171666,595.7586056609484,369.05301117553995,194.52811277066357
2024-08-24 07:30:00,420.173404307955,-132.60842422609286,-34.57017222931614,-730.4334415001194,-441.9071252804055,222.2448455361987,191.1589457360478,153.9010149632102
2024-12-20 13:45:00,-20.18074232513505,2.111154932686304,662.9822630614301,-1664.7047331234169,-1510.0152937172738,567.4145342560163,244.89893940185985,123.66122833737573
2024-12-24 11:45:00,-20.180742325135743,30.363678366389014,671.9415874851766,-765.3954993599469,-1546.2223502744553,16.215694168255002,3.909590786677427,-117.33035116112873
2024-09-14 02:00:00,471.91889744932917,-32.52023946668793,49.89926404108022,124.46748921991107,-631.9941722056114,149.0933798144886,0.0656280700306695,17.288661871131865
2024-02-10 19:00:00,175.9346766806709,-66.99407489133546,-359.1827258550438,565.3180156646548,1332.238646021512,224.026957810161,133.03637223614592,112.52429997811595
2024-09-12 02:45:00,471.9188974493292,-95.37882942489789,44.749481590072946,1082.7340102623282,-613.8906439270211,-406.9426221597434,-132.65953340895297,-40.388184719897964
2024-05-05 15:30:00,-384.9864689718215,42.43564806403791,-31.311879074709474,-825.5956830385288,562.8386941813937,312.36880910517345,240.07858123227072,104.83525952413281
2024-09-15 02:15:00,471.91889744932945,-98.17052407689785,52.72620152639671,468.21394743497245,-641.0459363449064,389.7124817951567,26.311602716433754,41.34039476801609
2024-04-02 01:45:00,-413.4464901995767,80.85260917824401,-190.6511547196419,-491.5937678132555,861.5469107781445,73.02264446304952,91.9871955301051,119.65412907015548
2024-12-27 03:45:00,-20.180742325135025,15.843662308061084,672.6340506663963,-574.5970027019664,-1573.3776426923432,-204.9020077859068,-158.90756278465983,-198.05856005906168
2024-03-12 02:45:00,152.64920476705242,-6.396414579253133,-265.8428817557804,965.1803387483995,1051.6339577033511,-249.81123708976887,-213.19924839399434,-17.796805606650327
2024-03-17 07:45:00,152.64920476705203,-12.658782479529918,-253.84588897273906,555.6641137545645,1006.375137006873,54.21711684828094,115.23818450051837,36.332050988637555
2024-12-14 15:15:00,-20.18074232513584,81.82602349985923,643.5325646655194,-196.99264459385083,-1455.7047088815027,-71.14175225161547,102.10835405649708,104.52054275766298
2024-10-26 01:45:00,-418.1035845823008,-21.918566036227503,153.3872109415284,-269.0020751263355,-1012.168266056022,-217.88596863906395,179.74491819650152,77.81456551859138
2024-04-01 22:00:00,-413.4464901995773,83.17597758250976,-191.38981706497202,-506.3688736192687,870.5986749174406,99.97497104450542,88.3406340708419,116.81191608075382
2024-05-11 08:45:00,-384.9864689718213,-4.665913668169594,-11.436392716338968,534.244091011203,508.5281093456216,-230.59836952666566,-113.78551241755544,-64.4715564457615
2024-04-30 21:45:00,-384.9864689718205,24.923447914202313,-61.25107375508102,781.1466747105633,608.097514877871,-28.88023261192693,-465.55984102755406,-176.15337093367677
2024-08-02 07:15:00,425.3479536220926,28.69261589867375,-222.65270771882987,-19.561820386908217,-242.76831421590504,328.0174521203509,-252.27188148695194,-175.40933763291235
2024-02-28 08:00:00,152.6492047670523,-14.23711928389841,-298.9360365433724,1023.4474503001744,1169.3068915141905,-295.2126688312001,-22.904265396514003,-1.332776522107224
2024-03-03 03:45:00,152.6492047670519,56.71241584604036,-288.5155746694066,146.4948595212157,1133.099834957011,320.46469057831797,277.17576485641484,147.4722172687184
2024-11-11 13:30:00,-418.10358458230087,21.922352276123092,214.86826041089074,-519.9544332424163,-1156.9964922847496,-223.2492779588002,-289.32644260212345,-103.26068465460395
2024-02-28 17:45:00,152.64920476705336,-14.475796235056578,-297.8916646101414,1084.3258584946354,1169.306891514192,-422.93071513186635,-54.87422705451424,-25.286302335599984
2024-02-17 22:00:00,152.64920476705387,-121.96637255427777,-334.5587567659289,389.18564557988833,1268.876297046442,224.51916024773186,109.01941978376829,76.75901157345868
2024-11-20 07:00:00,-387.05628869747574,-43.6380941454554,343.4276908806196,215.58260463783134,-1238.4623695384096,-227.25478745075426,-97.40685970360855,-162.24446347245453
2024-02-25 02:30:00,152.64920476705257,-19.017018521606133,-308.2315298371967,603.6468089020209,1196.4621839320785,-44.800435592661465,216.28747899338788,100.64870355013055
2024-03-10 23:15:00,152.64920476705254,31.867280151189057,-268.5510171839393,655.2627984959652,1069.737485981941,-280.87090815026255,49.70006067147479,23.389082222401612
2024-03-20 15:30:00,152.649204767052,44.76809540609497,-243.3657202061254,794.8286605033395,979.2198445889871,-153.1358893517502,-98.18821718755215,-65.57529501365269
2024-08-17 00:15:00,420.1734043079545,50.144965115025464,-94.86273247712613,-1302.0516042654529,-378.54477630533796,-39.53896126000893,228.20293072070967,72.75325311021966
2024-06-05 05:15:00,30.01238602199635,-73.34083624153799,211.57221807602846,751.4819932834445,282.23400586323373,-94.92022173563299,-103.74208689955596,-69.6368595873556
2024-07-20 01:30:00,-350.8344434985142,33.2804248905952,-384.13536976225265,319.09373349602885,-125.09538040506351,-328.20720464628306,24.328272473980405,28.006532112559796
2024-11-11 15:15:00,-418.103584582301,-10.73999890163077,215.00402290446766,-589.6968361081148,-1156.9964922847496,-236.6575512581392,-209.47793849439583,-77.61723124042967
2024-02-14 05:30:00,175.93467668067004,-24.629304526501528,-346.91584499285136,142.1766600304063,1296.0315894643302,279.52702577071636,217.82056770123478,170.967586685956
2024-02-16 01:00:00,152.6492047670527,-51.70577996204338,-340.7674789373665,653.0853241273248,1277.928061185738,-92.18764958222279,95.68842727680675,84.3859145702567
2024-09-12 03:30:00,471.9188974493287,-106.8213821025577,44.81928448707392,1019.4148445186198,-613.8906439270198,-400.57793546701856,-107.37672759873375,-22.556882457210918
2024-05-02 05:30:00,-384.9864689718209,84.56969949243711,-55.711119274442396,-855.5581136248177,589.9939865992798,607.9109141195893,137.80081446921852,20.837535909382055
2024-09-15 14:15:00,471.91889744932877,-189.0677459621568,54.231741088750844,582.7783156875312,-641.0459363449057,365.10235991662364,-7.516026307584607,-4.402460181019023
2024-08-22 00:30:00,420.17340430795537,-20.138227979390763,-42.853916721580404,-589.9963258118624,-423.80359700181543,-274.77778142309484,183.6750543463972,57.78166373864896
2024-07-25 09:45:00,-350.83444349851385,-121.82928477417835,-341.3510697885424,379.08337193599345,-170.35420110154135,322.73900528985155,167.76821343478738,140.53714218292458
2024-12-28 23:30:00,-34.152025473306544,-14.544592070744784,672.6351259735893,-1821.1368562734626,-1582.4294068316387,98.37955624686228,77.1508282912976,145.38353908243633
2024-09-15 19:00:00,471.91889744932945,-162.48644098898998,54.8265448489313,447.80027494531345,-641.0459363449065,342.12159783142755,61.154982711566255,27.490109764448448
2024-04-10 16:45:00,-413.4464901995763,47.84819788991271,-152.00468985831327,-175.0349785225206,789.132797663781,-474.91747603803765,95.96722132160994,3.2865071841829376
2024-10-20 09:15:00,-418.10358458230047,63.52371146140197,133.12644874108875,-952.8550223264139,-957.8576812202491,191.42278944556537,-7.111034793566432,-46.350276621613546
2024-07-24 18:30:00,-350.83444349851385,-96.54376735040088,-343.5351160746689,761.7374124788082,-161.30243696224593,40.48636608984323,76.33798764916853,68.34069658535732
2024-02-23 12:30:00,152.6492047670532,51.858556714996475,-315.03261840661077,221.56637932947413,1214.5657122106697,-11.262779846466628,241.3046927505638,122.90607191323406
2024-11-03 22:00:00,-418.1035845822999,-16.28833718598662,196.77744108927055,-1701.0926465767132,-1084.5823791703856,285.84079496989773,-224.632812944412,-107.18786666273043
2024-02-28 14:30:00,152.64920476705424,-3.4965012059203673,-298.2412901872634,1043.9255472773468,1169.3068915141912,-352.4948490657194,-47.19164340489976,-22.48152289874523
2024-11-09 07:30:00,-418.10358458230047,-46.205456334442964,207.11183408108005,-386.42970256954845,-1138.8929640061588,-87.84269013332444,-69.0805943883711,-32.13882428363877
2024-08-23 03:15:00,420.17340430795525,-130.98946069186397,-38.94294472293075,-382.58203943831194,-432.8553611411104,-298.1489109587782,163.7438269227362,77.9198400883894
2024-02-29 22:45:00,152.64920476705362,2.036525210131458,-294.37581494786434,890.0778974902955,1160.2551273748961,-302.10350295719036,-280.63707629289826,-111.59768528228918
2024-12-16 01:30:00,-20.180742325136407,53.06827812530805,648.6527137725743,-310.10889618393696,-1473.8082371600929,-562.3088674536025,147.2175229735883,99.46935862261766
2024-09-18 22:45:00,471.9188974493292,-102.3666529982275,66.38454219834874,1119.9965023774948,-668.2012287627928,-278.2741159796311,-233.7299224418672,-37.79716108061547
2024-04-24 16:30:00,-384.986468971821,6.892269505225272,-76.49110548256495,1114.5767305446946,662.4080997136446,45.06894050860459,-354.2066704278741,-159.39059777643328
2024-02-24 23:15:00,152.64920476705325,-8.504868064015682,-308.6779592397826,515.0504355431565,1205.5139480713744,15.87624421130931,220.0598014929608,122.24458751613696
2024-09-14 11:00:00,471.91889744932934,-120.30340659202402,50.99922896387039,624.3797407809251,-631.9941722056109,332.27754908001384,-15.97078294371647,5.803858766256781
2024-04-27 12:45:00,-384.9864689718203,191.2995563105095,-70.5628874688008,480.9848577061311,635.2528072957576,623.5765296326141,-589.5884124134448,-237.2047267722845
2024-07-16 23:30:00,-350.83444349851413,29.951673457942704,-392.7612983945608,1172.1779563080652,-88.88832384788172,-398.33756575118093,72.4215772123514,68.48784550298109
2024-07-18 08:00:00,-350.83444349851453,107.78839410384077,-389.8104262624797,1033.228614611607,-106.99185212647315,-339.39208072763,-79.25418779869221,43.66003446205045
2024-04-03 06:15:00,-413.44649019957643,85.33614000064826,-185.37337192973473,-195.44895560747867,852.4951466388492,-189.5928147276743,8.637326198507907,12.31588554633946
2024-08-04 14:45:00,425.3479536220924,-87.8856750604195,-214.2637222018421,176.45124629547536,-260.8718424944966,-362.5765127869932,-161.68293051456405,-76.03435100823411
2024-03-17 21:45:00,152.64920476705316,-28.37482103654444,-252.03963574695499,839.8561136042146,1006.375137006873,-76.776621536907,73.08965771559991,14.541696939543044
2024-08-08 08:30:00,425.3479536220923,-105.96918076212864,-180.50179338311605,1023.4026602863638,-297.0788990516777,-255.70069384276914,102.8090958652621,56.07887374643906
2024-12-25 00:15:00,-20.18074232513618,97.64187425009848,672.2748961143394,-315.8177083458488,-1555.274114413752,-212.06440187745272,-139.7772674205994,-61.17267280146709
2024-12-17 16:45:00,-20.180742325135952,41.09317229719804,654.3388570829179,-85.59256995782702,-1482.8600012993886,-531.8262613199156,-49.80226316829799,109.3866961578629
2024-08-22 22:45:00,420.17340430795554,-114.8480998461129,-39.594562036735056,-423.77449265197066,-423.8035970018156,-356.4494410641315,163.3844853775443,81.86243519054248
2024-03-17 20:15:00,152.64920476705376,-36.36127551381492,-252.22344897798104,648.0615903113791,1006.375137006873,207.51271740477324,79.34910748867438,19.96494103925945
2024-02-17 09:15:00,152.64920476705342,-51.28926966615404,-336.38982286069984,536.4570016874259,1268.876297046442,207.83519486387195,81.53980465802746,90.28485214754568
2024-03-01 06:00:00,152.64920476705248,6.231207531640848,-293.65781875141283,756.1755167838339,1151.2033632356013,-401.20591788736783,-282.85423969970225,-100.2750393043946
2024-08-15 18:00:00,420.17340430795554,-3.8304680469075265,-100.5294135718391,-772.8747499531474,-360.44124802674725,-278.51173094949297,193.09563600889962,24.119796832299425
2024-07-17 19:00:00,-350.8344434985142,165.5489374542201,-390.9634972625529,576.0680976291343,-97.94008798717724,-349.7962219080034,53.16920954012983,53.787132513166064
2024-04-02 12:15:00,-413.4464901995771,-52.350587903002214,-188.70876018930238,-276.8953656726303,861.546910778145,-29.20271007102471,23.393105773069934,57.75964527534323
2024-08-06 22:30:00,425.3479536220922,66.75110328846232,-203.00472861848485,-1358.4490487868557,-278.9753707730877,-155.34231407189498,33.48170872480273,8.406487489772871
2024-12-17 15:00:00,-20.180742325135952,-45.08524665387771,654.1271582743882,-71.89596359059433,-1482.8600012993886,-337.71180344075145,-36.97289611852722,133.9911519790128
2024-02-20 16:15:00,152.64920476705157,57.51143240672309,-324.69917720198237,875.1302186560739,1241.7210046285568,-205.8694401632017,-97.60832063884713,-60.3037971712234
2024-09-19 23:30:00,471.91889744932945,-21.702639167752523,70.47099714880163,1061.8483891103026,-677.2529929020895,142.8135556110009,-267.72895994054767,-137.37662374024913
2024-11-11 06:00:00,-418.1035845823009,35.011018688127024,214.2622947409647,-1179.1859533024844,-1156.9964922847507,78.97999120743987,-218.9284478375053,-53.18646203027146
2024-08-19 12:30:00,420.17340430795497,-52.04673212371303,-53.84714530808405,-372.8452590136231,-396.64830458392845,99.87313605742148,98.50160508430665,98.77067706728599
2024-09-17 09:00:00,471.9188974493289,-161.30454565438626,60.680455359169116,-161.2923782648109,-659.149464623498,210.82235448498918,19.648976964170828,88.16431383909773
2024-11-13 04:45:00,-418.1035845823012,-60.251701406333616,219.00222081806453,-1018.9105962914608,-1175.100020563341,-141.9000957768617,46.76681133684604,19.45761574676635
2024-05-11 13:15:00,-416.55121978805914,-0.7690423514530949,-11.175466378424204,710.8283691575677,508.5281093456212,-171.09279207415568,-89.75009849505153,-99.69692021705772
2024-04-15 05:00:00,-413.44649019957654,65.53846813991878,-130.50015319685636,-295.9163651527717,743.8739769673037,48.25977010388999,-292.02892564503344,-97.16008720860908
2024-09-14 10:00:00,471.91889744932973,-120.57616832136034,50.88841880663531,737.506087529567,-631.9941722056109,306.95458229189563,27.405904963339445,0.30880426050441656
2024-05-08 14:30:00,-384.9864689718209,14.740204010439129,-26.19370484423338,1032.956045330667,535.683401763508,327.304607210766,-23.66037375343563,33.096305696696774
2024-12-26 19:15:00,-20.180742325135366,20.671977872436855,672.6220005194403,-520.9790918355809,-1564.325878553048,154.677331606239,-120.86321834803759,-186.29029397075828
2024-02-28 15:45:00,152.64920476705274,-1.8535399052393586,-298.1053864692557,1045.3127760565176,1169.3068915141923,-335.1150112701199,-44.417421231956716,-14.557050338325544
2024-07-20 22:15:00,-350.8344434985142,-45.2616037085068,-381.55350886053014,840.109072749572,-125.09538040506355,-312.76223160527223,89.63609445038414,47.4038737437636
2024-03-15 00:15:00,152.64920476705265,-38.02928890792009,-259.3134377620719,283.8319720519744,1024.4786652854652,215.2458117364323,201.87721354880068,67.19079721748913
2024-04-26 14:00:00,-384.9864689718209,87.6182718757469,-72.17223631697539,1085.0700875116863,644.3045714350534,351.965646582841,-455.1155900733735,-278.24536613555966
2024-08-20 10:00:00,420.1734043079548,-40.43581371569861,-49.93922576063284,-552.1987902933676,-405.7000687232242,-27.658212766923874,113.06937681587173,27.464482980877165
2024-09-14 14:30:00,471.91889744932877,-142.4406536817454,51.394886552033164,672.0865202195874,-631.9941722056107,352.01656407638285,-11.430206575262446,16.148990327711402
2024-11-30 23:30:00,-20.180742325135952,-32.2601918748976,583.9710539056929,-645.9839286729216,-1328.980010931365,-279.6319158074125,72.79596204723464,106.4773981328593
2024-04-28 19:00:00,-384.98646897182016,43.27350445240976,-68.58157257069975,972.1318447745505,626.2010431564623,80.86393846848634,-34.222977710368056,10.340085682509425
2024-05-05 15:45:00,-384.98646897182147,36.6795315312131,-31.288118716242025,-873.6441085272148,562.8386941813942,312.3688091051737,240.52538087695388,105.06249283687795
2024-07-16 12:00:00,-350.8344434985144,8.4529018308655,-393.68033522470745,1217.003404706104,-88.8883238478822,-481.12941025013606,-20.829875090277195,38.988104965946704
2024-07-23 00:30:00,-350.8344434985144,-40.315163553939726,-348.61693714374246,499.0862041858793,-152.2506728229504,174.38240160691305,199.1752003967178,75.6706370499671
2024-12-22 13:15:00,-20.180742325134766,39.90749699972508,668.3833261436714,-1935.526299460683,-1528.1188219958647,686.6463316330484,322.5432186058783,-18.44636468600038
2024-03-26 15:00:00,137.64301175605453,-34.61384690994237,-224.1708465161206,719.1776309581611,924.9092597532139,151.7241169808143,62.45983010895213,64.10772297732773
2024-08-08 16:15:00,425.3479536220922,65.01452027835582,-179.3256908142293,-477.64309995576417,-297.07889905167826,-161.2317708248951,83.24028325777165,55.06662535453529
2024-08-14 09:30:00,420.17340430795485,-135.32189831867487,-104.92261205138624,-91.13481200360718,-351.3894838874505,367.85190456788024,-337.80406044751345,-222.71680854512687
2024-02-26 12:00:00,152.6492047670525,5.950637680550244,-303.90554879428225,711.9350509139771,1187.4104197927822,-70.46285233772453,119.57824418463287,52.28666740723569
2024-02-28 09:30:00,152.6492047670528,23.72206387239234,-298.77904560095743,1015.5100173781055,1169.306891514192,-213.96532163634518,-11.178801571495468,2.5266440130910723
2024-02-09 05:45:00,175.93467668067075,51.32087123705287,-364.0854126552709,442.9949794739269,1341.2904101608065,140.04703846189759,129.35218592933379,168.07050913726465
2024-08-04 02:30:00,425.34795362209206,58.78999659204113,-215.99356680803373,57.91768024670728,-260.87184249449655,-311.91360671290886,-216.44355202263878,-101.01330604108367
2024-07-20 09:00:00,-350.8344434985148,-12.528318715064643,-383.17812324588186,390.6862310123076,-125.09538040506341,-393.1439814099175,45.68733508118312,-34.687188699736865
2024-03-01 09:30:00,152.6492047670522,-29.283409977451583,-293.31896599857174,839.7293973785432,1151.203363235602,-349.2191569811966,-309.51526538672147,-113.29216116447078
2024-09-19 01:00:00,471.9188974493295,-47.135000538407844,66.67211520585687,1057.001030478279,-677.2529929020897,-226.96625498735136,-244.88228060441884,-83.60300647399643
2024-08-04 01:45:00,425.34795362209303,27.11413366871875,-216.11082109901355,70.30191600200617,-260.87184249449666,-259.4516158670154,-216.62641540204453,-115.43829039775288
2024-12-22 01:45:00,-20.18074232513553,-4.187872503364588,667.3511213323053,-1818.3659646859942,-1528.118821995865,668.1972264730724,250.275309055474,77.02563648150696
2024-02-13 18:00:00,175.93467668067052,-26.756458308736228,-348.606634498238,167.10969560575919,1305.0833536036246,280.4265681566217,228.66590614397512,152.17371130441876
2024-08-17 03:45:00,420.1734043079553,-39.47054026243728,-94.01578036392249,-748.5113466794984,-378.5447763053377,76.29833654757124,231.70267762150348,87.52831982549671
2024-12-01 21:30:00,-20.180742325134815,-72.95391867733188,587.4982930749801,-2256.5917499068737,-1338.03177507066,269.3774720580515,294.0878642843891,259.73341255373015
2024-03-27 03:00:00,137.64301175605485,43.542523146050485,-222.56789190315612,688.3073323199033,915.8574956139184,-1.045336142412907,72.17371803111875,76.16953301831072
2024-10-23 08:00:00,-418.1035845823011,62.52899705957657,143.95052144789034,-590.0728807642256,-985.0129736381355,308.97430953572075,-230.37341253655575,-121.65868023983316
2024-02-17 12:45:00,152.6492047670528,-217.8023839412497,-335.9035691292881,442.9949794739283,1268.8762970464418,229.89944206531507,80.72791556431825,72.05812427757655
2024-09-19 03:30:00,471.9188974493289,-95.26676620646947,66.98809645608873,1115.0296843692593,-677.2529929020895,-181.97216319425277,-245.21415740389452,-94.6086237962755
2024-02-23 13:30:00,152.649204767052,45.16984790398442,-314.8688586315349,202.96953078411696,1214.565712210669,142.83052810884814,241.1979149032677,127.65040272598222
2024-04-28 09:30:00,-384.9864689718202,96.23919503897535,-69.12034104399157,1348.197475923384,626.2010431564624,-363.3233026922727,-64.10157445136875,-6.271428416143181
2024-04-28 04:30:00,-384.9864689718214,50.72471404331378,-69.4332571633231,964.6494648887042,626.2010431564622,-457.7413082166064,-358.50344079763505,-71.21165493180128
2024-04-26 23:15:00,-384.9864689718207,143.56802218829426,-71.59493647292425,535.4140528716531,644.3045714350538,578.2090428868771,-623.987336711344,-315.8450319293069
2024-09-18 01:00:00,471.9188974493291,-104.38667729744346,63.31248543528301,847.2757940592253,-668.2012287627936,-248.70802472969658,94.55041597506543,69.82703760651458
2024-08-14 04:30:00,420.173404307955,47.559744483870645,-105.53150274551398,-802.1604728387791,-351.3894838874515,389.08449937480833,-317.44939441988913,-259.97781653249814
2024-11-13 15:00:00,-418.1035845823014,109.32380838277787,220.03137008717115,-1192.1214116141223,-1175.1000205633406,-87.79177263978143,144.51149641322482,86.15559026157007
2024-05-06 15:00:00,-384.9864689718214,9.307279053940988,-29.360573495031375,1068.7216255950025,553.7869300420979,-273.33511910607604,-41.646364406092104,-15.377902614607605
2024-04-28 11:45:00,-384.98646897182033,51.753788384462496,-69.00084166940117,1373.6995259536936,626.2010431564631,-361.2356854570595,-76.98656875782332,-13.842823925979701
2024-11-06 06:45:00,-418.10358458230127,12.058479960425984,201.09326822460955,-252.9484259285453,-1111.7376715882722,-51.79310470573402,-217.795131388252,-152.39372434843168
2024-08-21 08:30:00,420.17340430795446,-89.40541971162311,-45.61775561764497,-616.7316707139369,-414.75183286251996,-10.889384893826616,196.46873847743018,95.65030933592887
2024-04-11 21:30:00,-413.4464901995776,23.63046565147863,-146.16793104080784,-379.77739751144094,780.0810335244861,-346.65630980626,-92.7769834904494,-76.21817485014587
2024-11-11 10:30:00,-418.10358458230115,21.103417655426256,214.6438024811177,-630.7853933149968,-1156.9964922847496,-156.75103139321737,-271.50214357286217,-84.84499764508263
2024-12-15 14:45:00,-20.180742325135316,-8.220826714293821,647.0779253492381,-42.18365384056613,-1464.7564730207969,-300.60992314663144,97.82131614232452,115.99919599558011
2024-04-03 04:45:00,-413.44649019957654,88.79227147607939,-185.6587016768733,-214.88883691926807,852.4951466388487,-171.50013202248988,22.603680187158623,38.68022804842072
2024-10-26 06:15:00,-418.1035845823004,-58.83724510726764,153.97057970166924,-312.2947590924212,-1012.1682660560218,-43.90089320675611,194.76179582704452,87.28491319106446
2024-04-25 14:30:00,-384.9864689718205,133.53703164006254,-73.60178047612332,180.41904997984295,653.3563355743485,11.310642290395663,214.5163957871604,106.83515709842956
2024-10-18 10:45:00,-418.1035845823005,92.7704796506907,123.51903347716298,-563.1781164833288,-939.7541529416577,-173.80839172971815,5.614441440797009,31.362084727483122
2024-06-02 01:30:00,30.01238602199669,48.974179807073895,203.1229881079688,138.63639235842786,309.3892982811202,166.88055755842225,69.49889461207512,48.253546843847104
2024-08-22 23:30:00,420.1734043079545,-105.03636254349595,-39.48484635544271,-479.6697030353454,-423.80359700181543,-287.2695398386811,167.0176727959236,57.57440794822935
2024-12-22 13:45:00,-20.180742325134833,75.49968319976396,668.4316920443207,-2192.1972572848035,-1528.1188219958651,686.646331633048,320.67610443278267,-18.50509850448202
2024-08-22 17:45:00,420.17340430795474,-124.30066479217777,-40.326482199405106,-440.47188489918096,-423.803597001815,-357.8072408919125,149.0789230630209,60.81385693732045
2024-03-22 19:00:00,137.6430117560547,18.842742465380926,-236.57105302237764,1082.548511723912,961.1163163103946,-500.5120027917112,-14.181569866917243,-19.153323221356043
2024-08-02 04:45:00,425.347953622093,-33.262306206976646,-223.03906277684422,114.59818845116261,-242.76831421590504,315.96697864879263,-176.24351504988672,-177.44914845248246
2024-03-27 03:15:00,137.643011756055,49.82387192136778,-222.53391721584816,670.9861655389216,915.857495613918,-1.0453361424126797,71.00594347632463,74.40999991818602
2024-03-02 08:15:00,152.64920476705245,61.781067079530885,-290.74451541039934,-284.88361874879746,1142.1515990963053,334.45002880446435,322.9777816413045,174.18411752953858
2024-02-29 02:45:00,152.6492047670524,5.270316173676974,-296.96718131400576,1042.4472970776835,1160.255127374896,-462.3069101375198,-118.77474740329887,-52.1854817600058
2024-08-15 06:30:00,420.17340430795554,1.542505065889145,-102.47786526445908,-969.5271766772406,-360.44124802674787,295.65089872561765,-322.6196118166133,-217.64381648736835
2024-03-16 22:00:00,152.6492047670526,17.587025835732675,-255.17487878487353,448.3668015549763,1015.4269011461685,138.96079859967168,128.97597521537554,47.379601680693874
2024-08-15 18:15:00,420.17340430795537,1.5806051169711282,-100.47965413609005,-788.4111989667248,-360.44124802674736,-278.51173094949297,193.7811083761714,24.162170626123437
2024-05-11 03:00:00,-384.9864689718211,11.964908483297393,-11.730841290716809,686.3308065399877,508.5281093456209,-259.21400089715326,-194.2807770773356,-51.54039071115495
2024-08-22 13:15:00,420.1734043079552,-80.16370391188796,-41.02008947270633,-308.950476739942,-423.8035970018157,-361.7618328903249,165.75520267217425,76.62986211243911
2024-11-05 19:30:00,-418.1035845823003,26.420250920226636,200.3735919117661,-332.5125768034207,-1102.685907448976,121.39426332775271,-204.84499776012098,-134.54516003887346
2024-06-10 03:00:00,30.012386021997212,-153.81763367116017,228.2201791392643,821.1117096547225,236.9751851667557,-150.91249213375735,-38.405969457257655,1.2708416342134115
2024-04-14 12:00:00,-413.4464901995773,105.28919156477275,-133.65654889660937,-158.38533314282563,752.9257411065995,-101.98078084009519,-188.37360411978665,-105.80915237133262
2024-07-17 00:30:00,-350.83444349851476,4.083590859163294,-392.6810556685593,1168.582817968258,-97.94008798717678,-394.6205887226292,82.0236441814761,74.33857495504354
2024-08-20 05:45:00,420.17340430795434,-58.299253574838005,-50.73083836747864,-409.1676394885109,-405.7000687232245,-179.34142602792627,62.932304764014496,13.646302399897536
2024-11-19 00:00:00,-387.0562886974767,24.9877193561736,338.96227427130356,-2000.1917799890975,-1229.4106053991134,-41.9999734478632,-43.816217307282244,12.310612676747041
2024-12-01 21:00:00,-20.18074232513618,-73.1498308718154,587.3829268803544,-2376.777136273933,-1338.0317750706597,269.37747205805204,293.886643535893,259.6712332669521
2024-04-02 14:30:00,-413.44649019957666,-156.90796881820677,-188.2960291362632,-256.59950827199896,861.5469107781441,-24.31463069101218,20.499203941656333,60.66392181825213
2024-08-10 14:15:00,425.3479536220923,31.182721225869006,-172.67213802700695,-328.5577984401515,-315.18242733026943,-203.59512545166712,53.4723436538822,-11.171700758480313
2024-03-24 01:15:00,137.64301175605408,-54.27859301077219,-232.58672840548368,1015.3904694478684,943.0127880318037,-376.2563460518875,-54.263259315682184,-27.817007162983145
2024-11-12 20:15:00,-418.1035845823008,95.99913426353578,218.12644186278646,-1354.6562135920483,-1166.048256424045,123.3461005801882,168.6766540215217,129.0014432887511
2024-06-07 14:00:00,30.012386021996846,-36.33753509890249,219.4011031806022,522.6740126827943,264.1304775846419,88.82403995885224,-8.325603090000984,2.334935570170728
2024-05-10 12:45:00,-384.9864689718206,127.16004292845496,-13.139721469111578,-729.6115843760304,517.579873484917,-225.13322521984608,284.049839288254,39.43015060317266
2024-04-25 01:30:00,-384.98646897182,74.0221267908598,-75.50492193072623,365.3075127723009,653.3563355743482,-212.18320936238268,287.5655742399685,41.899602665382986
2024-12-09 21:15:00,-20.18074232513527,8.239671431344277,621.3797041302752,-574.0670068779147,-1410.445888185024,92.8634944465011,-42.93643102346495,-50.76065920511046
2024-03-27 10:00:00,137.64301175605402,-4.226898182645073,-221.62501151641223,771.8299747198146,915.8574956139174,-263.9663002943874,65.50004387100812,70.12026776830032
2024-02-25 16:15:00,152.64920476705294,-7.3770740803577155,-306.4039194626902,655.5740961844266,1196.462183932079,-116.66199147797884,157.21679906307278,108.8619830269812
2024-04-25 04:00:00,-384.9864689718209,228.30195354439584,-75.19478611043475,-77.92825596235404,653.3563355743481,-198.28273362547358,276.57686655624116,63.47119839971589
2024-12-28 21:15:00,-34.15202547330735,-14.019918819452869,672.6351259735892,-1712.535229626607,-1582.4294068316383,157.17228878978722,-18.824130793800553,42.76875418628577
2024-02-26 19:00:00,152.6492047670529,4.972203884408827,-303.0492963375206,855.0001568426455,1187.4104197927834,-214.42357907822247,44.77758027735805,16.502608605762845
2024-08-27 13:00:00,420.173404307955,-87.57423600650007,-22.40011438262877,-1666.2462267618953,-469.0624176982929,420.26297792023354,300.04145099278213,165.3999614319896
2024-04-23 21:45:00,-384.98646897182095,100.57714856301125,-78.19305464088075,1196.2807390901364,671.4598638529392,301.08209803674237,-305.040257213448,-204.55690766521712
2024-02-17 16:15:00,152.64920476705288,-192.79796526883894,-335.392916771073,462.1844834481501,1268.876297046442,235.50036635491264,71.57593271010657,69.98751019819383
2024-08-19 20:15:00,420.17340430795446,-42.15673818208419,-52.450435714866956,-448.1576656111189,-396.6483045839285,-122.67025571591036,73.97352656462297,25.823125316294863
2024-08-08 07:45:00,425.3479536220925,-81.70596222963891,-180.58985941494979,895.2282178191591,-297.07889905167775,-205.81852266965848,99.40952464537834,57.98984586127722
2024-03-22 20:15:00,137.64301175605414,20.62742906868948,-236.41132474814296,1072.1451851726347,961.1163163103951,-522.8138649630177,-38.427589314795426,-28.269626856639558
2024-08-25 11:45:00,420.1734043079549,30.521490509791544,-30.061146920211172,-1575.9988743479555,-450.9588894197015,371.2633766351806,256.44671022460324,151.03177336297244
2024-10-31 09:00:00,-418.1035845823003,72.51813772504329,169.68498695741982,-519.3461999395788,-1057.4270867525001,-117.57850636173056,-222.2171776226658,-119.34638907241398
2024-12-16 02:15:00,-20.180742325136407,25.610552675550313,648.7638446118473,-259.80892742874636,-1473.808237160092,-568.554746661396,153.8098707735488,93.19597377613053
2024-07-18 00:00:00,-350.8344434985145,84.0825856162086,-390.50989866782265,879.7645380734871,-106.99185212647332,-271.2984193644051,-42.78804887952957,61.02451207955767
2024-08-17 22:30:00,420.1734043079544,-101.85320305434419,-61.502881784154525,-943.5837505491525,-378.5447763053375,192.3562768271652,10.369808779461437,-89.93739288964085
2024-02-14 13:45:00,175.9346766806702,-67.84046280297207,-345.6573265121922,233.40572178144785,1296.0315894643293,299.1981507756964,257.37613147553435,158.69179195085633
2024-06-08 10:30:00,30.01238602199699,24.177336674641566,222.8717923639157,678.0616019101819,255.0787134453477,124.33050545532947,-33.243293096076656,-16.97669538505329
2024-08-14 20:30:00,420.17340430795537,-124.41396327805437,-103.66581714222855,-165.44022653541077,-351.38948388745104,456.70293079830986,-384.59309083880214,-282.3725534768919
2024-02-28 03:15:00,152.64920476705322,-34.66775101069427,-299.4414694573962,958.6506307988652,1169.3068915141905,-364.63018502651187,-52.42250679127509,-31.282116528743927
2024-10-16 23:30:00,-418.10358458230075,-78.39703052052944,115.8297975318337,-550.756023883454,-921.6506246630664,-265.7993300618916,59.07699252039799,41.877328441302325
2024-05-06 03:00:00,-384.9864689718209,2.8442909918554324,-30.12109587979567,2.329353827949319,553.7869300420979,-226.96625498735054,-108.40596311137473,-36.83234934335066
2024-08-18 20:15:00,420.1734043079544,-100.4026963878193,-56.878714823168615,-326.15557133606484,-387.5965404446324,213.77556911041316,15.4217853201589,12.351049524722242
2024-11-02 00:45:00,-418.1035845823013,55.3355198014292,190.75637098089047,-992.5088051239014,-1075.53061503109,-251.6442668572732,248.53803290348924,74.9028963192593
2024-12-23 18:30:00,-20.180742325135512,-52.022486636661405,671.2392262961475,-1179.9481377732614,-1537.17058613516,156.90072882422953,-34.754013511781274,-15.581636073424534
2024-02-20 05:30:00,152.6492047670528,59.630342811694646,-326.12682603555635,562.4642978899651,1241.7210046285543,99.63552108755997,-111.15865572597359,-31.25472157752347
2024-06-01 18:45:00,30.012386021996463,56.04065178749108,202.57335733718415,224.57692600023202,318.4410624204155,199.04344097898777,128.37805626997437,160.68979629346842
2024-03-23 23:15:00,137.64301175605453,-68.37606765330554,-232.83963262415045,1018.5704443921676,952.0645521710992,-377.1389159399459,-44.44972346802888,-49.64382296513493
2024-10-31 11:15:00,-418.1035845823011,88.30765037178799,169.84711705683216,-606.5734174196452,-1057.4270867524997,-112.57161949678776,-234.92760310039733,-108.53191511197315
2024-03-10 10:15:00,152.6492047670528,33.433403591461875,-269.90141940493976,953.5067197549849,1069.7374859819404,-249.86215458330952,-12.729026633290639,-11.886705990817518
2024-02-27 18:30:00,152.64920476705257,-35.20068433110166,-300.3864897079612,1047.569137322853,1178.3586556534872,-285.11403261207795,4.669232954352765,-21.48434312458942
2024-12-14 09:30:00,-20.18074232513521,6.089111161659503,642.5725294182671,-409.95506185567,-1455.7047088815018,-93.51150441430971,80.82932990446335,101.4709380446444
